{
  "fitstat": [
    "chi", 
    98.99322214456107
  ], 
  "pars": {
    "nH": {
      "value": 0.6717589442598607, 
      "error": [
        0.5821484456707275, 
        0.7695697552991445, 
        "FFFFFFFFF"
      ]
    }, 
    "PhoIndex": {
      "value": 2.577033412165806, 
      "error": [
        2.4212605173636734, 
        2.741638424096397, 
        "FFFFFFFFF"
      ]
    }, 
    "norm": {
      "value": 8.464679649945227e-05, 
      "error": [
        7.084604951518852e-05, 
        0.00010181720755670367, 
        "FFFFFFFFF"
      ]
    }
  }, 
  "ftype": 0, 
  "dof": 103, 
  "fname": "reg_src2_grp.pi"
}