{
  "fitstat": [
    "chi", 
    145.53123797151116
  ], 
  "pars": {
    "nH": {
      "value": 0.7420153795730682, 
      "error": [
        0.6784701651935523, 
        0.8104518500104643, 
        "FFFFFFFFF"
      ]
    }, 
    "PhoIndex": {
      "value": 2.8639280588570304, 
      "error": [
        2.746440706395195, 
        2.9871052943872796, 
        "FFFFFFFFF"
      ]
    }, 
    "norm": {
      "value": 0.00018682840869132608, 
      "error": [
        0.0001642567866563905, 
        0.0002134418097126422, 
        "FFFFFFFFF"
      ]
    }
  }, 
  "ftype": 0, 
  "dof": 141, 
  "fname": "reg_src12_grp.pi"
}