{
  "fitstat": [
    "chi", 
    148.13652161731036
  ], 
  "pars": {
    "nH": {
      "value": 0.7632852993289907, 
      "error": [
        0.6934907853657056, 
        0.8383333662521982, 
        "FFFFFFFFF"
      ]
    }, 
    "PhoIndex": {
      "value": 2.8809299804176733, 
      "error": [
        2.757565867677075, 
        3.0103020533837457, 
        "FFFFFFFFF"
      ]
    }, 
    "norm": {
      "value": 0.0003233374775494024, 
      "error": [
        0.0002818112628261086, 
        0.0003726825523633142, 
        "FFFFFFFFF"
      ]
    }
  }, 
  "ftype": 0, 
  "dof": 146, 
  "fname": "reg_src8_grp.pi"
}