{
  "fitstat": [
    "chi", 
    110.07210097023868
  ], 
  "pars": {
    "nH": {
      "value": 0.7760329763607096, 
      "error": [
        0.6927914159500309, 
        0.8665874598858962, 
        "FFFFFFFFF"
      ]
    }, 
    "PhoIndex": {
      "value": 2.725066320667921, 
      "error": [
        2.5823281831513634, 
        2.875553674311427, 
        "FFFFFFFFF"
      ]
    }, 
    "norm": {
      "value": 0.00011910905439331569, 
      "error": [
        0.00010129441107145935, 
        0.0001408750523404279, 
        "FFFFFFFFF"
      ]
    }
  }, 
  "ftype": 0, 
  "dof": 112, 
  "fname": "reg_src1_grp.pi"
}