{
  "fitstat": [
    "chi", 
    106.34713006213492
  ], 
  "pars": {
    "nH": {
      "value": 0.6410661373755394, 
      "error": [
        0.5693928485953662, 
        0.7185457839025656, 
        "FFFFFFFFF"
      ]
    }, 
    "PhoIndex": {
      "value": 2.7185251089318414, 
      "error": [
        2.5801951300758166, 
        2.864141906300559, 
        "FFFFFFFFF"
      ]
    }, 
    "norm": {
      "value": 0.00012025531812514384, 
      "error": [
        0.00010341870573191647, 
        0.00014053882334214075, 
        "FFFFFFFFF"
      ]
    }
  }, 
  "ftype": 0, 
  "dof": 119, 
  "fname": "reg_src3_grp.pi"
}