{
  "fitstat": [
    "chi", 
    119.12738391703611
  ], 
  "pars": {
    "nH": {
      "value": 0.6047658272593812, 
      "error": [
        0.5381576970180381, 
        0.6766638834901849, 
        "FFFFFFFFF"
      ]
    }, 
    "PhoIndex": {
      "value": 2.981117697500594, 
      "error": [
        2.8428327692521735, 
        3.1273929494959933, 
        "FFFFFFFFF"
      ]
    }, 
    "norm": {
      "value": 0.0001242703545923903, 
      "error": [
        0.00010746896613991595, 
        0.0001444071950100158, 
        "FFFFFFFFF"
      ]
    }
  }, 
  "ftype": 0, 
  "dof": 119, 
  "fname": "reg_src6_grp.pi"
}