{
  "fitstat": [
    "chi", 
    119.12738573068263
  ], 
  "pars": {
    "nH": {
      "value": 0.6047886878050511, 
      "error": [
        0.0, 
        0.0, 
        "FFFFFFFFF"
      ]
    }, 
    "PhoIndex": {
      "value": 2.9811496381972624, 
      "error": [
        0.0, 
        0.0, 
        "FFFFFFFFF"
      ]
    }, 
    "norm": {
      "value": 0.00012427552314335223, 
      "error": [
        0.0, 
        0.0, 
        "FFFFFFFFF"
      ]
    }
  }, 
  "ftype": 0, 
  "dof": 119, 
  "fname": "reg_src6_grp.pi"
}