{
  "fitstat": [
    "chi", 
    146.40346614057808
  ], 
  "pars": {
    "nH": {
      "value": 0.6934012514958395, 
      "error": [
        0.0, 
        0.0, 
        "FFFFFFFFF"
      ]
    }, 
    "PhoIndex": {
      "value": 2.858073516328666, 
      "error": [
        0.0, 
        0.0, 
        "FFFFFFFFF"
      ]
    }, 
    "norm": {
      "value": 0.0002087663664604166, 
      "error": [
        0.0, 
        0.0, 
        "FFFFFFFFF"
      ]
    }
  }, 
  "ftype": 0, 
  "dof": 152, 
  "fname": "reg_src11_grp.pi"
}