{
  "fitstat": [
    "chi", 
    145.53124219079504
  ], 
  "pars": {
    "nH": {
      "value": 0.7420194492304046, 
      "error": [
        0.0, 
        0.0, 
        "FFFFFFFFF"
      ]
    }, 
    "PhoIndex": {
      "value": 2.8639275571454856, 
      "error": [
        0.0, 
        0.0, 
        "FFFFFFFFF"
      ]
    }, 
    "norm": {
      "value": 0.00018682899261364766, 
      "error": [
        0.0, 
        0.0, 
        "FFFFFFFFF"
      ]
    }
  }, 
  "ftype": 0, 
  "dof": 141, 
  "fname": "reg_src12_grp.pi"
}