{
  "fitstat": [
    "chi", 
    111.87379604357209
  ], 
  "pars": {
    "nH": {
      "value": 0.6511330285314096, 
      "error": [
        0.5817557410832782, 
        0.7263922092579581, 
        "FFFFFFFFF"
      ]
    }, 
    "PhoIndex": {
      "value": 2.7683004520813563, 
      "error": [
        2.638473818106997, 
        2.905135153938577, 
        "FFFFFFFFF"
      ]
    }, 
    "norm": {
      "value": 0.00012670557519579026, 
      "error": [
        0.00010977038258054675, 
        0.0001469976916398299, 
        "FFFFFFFFF"
      ]
    }
  }, 
  "ftype": 0, 
  "dof": 122, 
  "fname": "reg_src7_grp.pi"
}