{
  "fitstat": [
    "chi", 
    217.3347798903502
  ], 
  "pars": {
    "nH": {
      "value": 0.67895004265731, 
      "error": [
        0.6256212389508196, 
        0.7355707954932228, 
        "FFFFFFFFF"
      ]
    }, 
    "PhoIndex": {
      "value": 2.790178018592991, 
      "error": [
        2.691729646393088, 
        2.892592768443603, 
        "FFFFFFFFF"
      ]
    }, 
    "norm": {
      "value": 0.00023598197711635703, 
      "error": [
        0.00021167101913265374, 
        0.0002638447594746962, 
        "FFFFFFFFF"
      ]
    }
  }, 
  "ftype": 0, 
  "dof": 171, 
  "fname": "reg_src10_grp.pi"
}