{
  "fitstat": [
    "chi", 
    146.40338807742984
  ], 
  "pars": {
    "nH": {
      "value": 0.6936805044383865, 
      "error": [
        0.6354007219253186, 
        0.7558921001914574, 
        "FFFFFFFFF"
      ]
    }, 
    "PhoIndex": {
      "value": 2.858410748529807, 
      "error": [
        2.751137566511712, 
        2.970332403324131, 
        "FFFFFFFFF"
      ]
    }, 
    "norm": {
      "value": 0.00020886520244020945, 
      "error": [
        0.00018555523245368624, 
        0.00023589897731522174, 
        "FFFFFFFFF"
      ]
    }
  }, 
  "ftype": 0, 
  "dof": 152, 
  "fname": "reg_src11_grp.pi"
}