{
  "fitstat": [
    "chi", 
    95.85075628289228
  ], 
  "pars": {
    "nH": {
      "value": 0.6899287271374845, 
      "error": [
        0.6092039047199904, 
        0.7777666827168266, 
        "FFFFFFFFF"
      ]
    }, 
    "PhoIndex": {
      "value": 2.707886123996811, 
      "error": [
        2.5598809232529494, 
        2.864546971469914, 
        "FFFFFFFFF"
      ]
    }, 
    "norm": {
      "value": 9.100963649603959e-05, 
      "error": [
        7.721489239133026e-05, 
        0.00010783815377631882, 
        "FFFFFFFFF"
      ]
    }
  }, 
  "ftype": 0, 
  "dof": 94, 
  "fname": "reg_src13_grp.pi"
}