{
  "fitstat": [
    "chi", 
    135.19107771841593
  ], 
  "pars": {
    "nH": {
      "value": 0.6283716253659651, 
      "error": [
        0.5550198854463334, 
        0.7072958764037147, 
        "FFFFFFFFF"
      ]
    }, 
    "PhoIndex": {
      "value": 2.653301682855071, 
      "error": [
        2.517907727639292, 
        2.7952870307576294, 
        "FFFFFFFFF"
      ]
    }, 
    "norm": {
      "value": 0.00012683299339112395, 
      "error": [
        0.00010909826543418526, 
        0.00014812487863990768, 
        "FFFFFFFFF"
      ]
    }
  }, 
  "ftype": 0, 
  "dof": 123, 
  "fname": "reg_src5_grp.pi"
}