{
  "fitstat": [
    "chi", 
    128.47939511261603
  ], 
  "pars": {
    "nH": {
      "value": 0.6566078054394604, 
      "error": [
        0.5840077636480067, 
        0.735063189165503, 
        "FFFFFFFFF"
      ]
    }, 
    "PhoIndex": {
      "value": 2.9311911508847666, 
      "error": [
        2.777119248743023, 
        3.0939963549336182, 
        "FFFFFFFFF"
      ]
    }, 
    "norm": {
      "value": 0.0001266434306211243, 
      "error": [
        0.00010804376799502746, 
        0.00014919703712464995, 
        "FFFFFFFFF"
      ]
    }
  }, 
  "ftype": 0, 
  "dof": 101, 
  "fname": "reg_src4_grp.pi"
}