{
  "fitstat": [
    "chi", 
    112.5547473046324
  ], 
  "pars": {
    "nH": {
      "value": 0.668750929857995, 
      "error": [
        0.5994078708700954, 
        0.7429885731202989, 
        "FFFFFFFFF"
      ]
    }, 
    "PhoIndex": {
      "value": 2.710278114160591, 
      "error": [
        2.5815540031543507, 
        2.8454572321833194, 
        "FFFFFFFFF"
      ]
    }, 
    "norm": {
      "value": 0.00012202336402628247, 
      "error": [
        0.00010583394098107161, 
        0.0001412479424030554, 
        "FFFFFFFFF"
      ]
    }
  }, 
  "ftype": 0, 
  "dof": 122, 
  "fname": "reg_src9_grp.pi"
}