{
  "fitstat": [
    "chi", 
    139.95214924097334
  ], 
  "pars": {
    "nH": {
      "value": 0.3837577237012853
    }, 
    "PhoIndex": {
      "value": 2.7739872784550808
    }, 
    "norm": {
      "value": 5.896722726536576e-05
    }
  }, 
  "ftype": 0, 
  "dof": 95, 
  "fname": "reg_src6_grp.pi"
}