{
  "fitstat": [
    "chi", 
    51.20845628555899
  ], 
  "pars": {
    "nH": {
      "value": 0.6504267631176754
    }, 
    "PhoIndex": {
      "value": 2.9463573106927514
    }, 
    "norm": {
      "value": 5.565945486549434e-05
    }
  }, 
  "ftype": 0, 
  "dof": 59, 
  "fname": "reg_src12_grp.pi"
}