{
  "fitstat": [
    "chi", 
    79.00809708860126
  ], 
  "pars": {
    "nH": {
      "value": 0.6787377880253596
    }, 
    "PhoIndex": {
      "value": 2.8253602693939373
    }, 
    "norm": {
      "value": 6.820712571834726e-05
    }
  }, 
  "ftype": 0, 
  "dof": 72, 
  "fname": "reg_src13_grp.pi"
}