{
  "fitstat": [
    "chi", 
    169.15642882945076
  ], 
  "pars": {
    "nH": {
      "value": 0.6169791277757334
    }, 
    "PhoIndex": {
      "value": 2.8669621972603827
    }, 
    "norm": {
      "value": 4.6197214148406844e-05
    }
  }, 
  "ftype": 0, 
  "dof": 61, 
  "fname": "reg_src2_grp.pi"
}