{
  "dof": 92, 
  "fitstat": [
    "chi", 
    105.81982834860078
  ], 
  "ftype": 2, 
  "pars": {
    "nH": {
      "value": 0.3309602835957214, 
      "error": [
        0.0, 
        0.0, 
        "FFFFFFFFF"
      ]
    }, 
    "PhoIndex": {
      "value": 2.701359617773128, 
      "error": [
        0.0, 
        0.0, 
        "FFFFFFFFF"
      ]
    }, 
    "LineE": {
      "value": 1.8352566202180918, 
      "error": [
        0.0, 
        0.0, 
        "FFFFFFFFF"
      ]
    }, 
    "Sigma": {
      "value": 0.05662023921489361, 
      "error": [
        0.0, 
        0.0, 
        "FFFFFFFFF"
      ]
    }, 
    "norm": {
      "value": 2.04636808284101e-06, 
      "error": [
        0.0, 
        0.0, 
        "FFFFFFFFF"
      ]
    }
  }, 
  "eqwidth": 0.207771, 
  "fname": "reg_src6_grp.pi"
}