{
  "fitstat": [
    "chi", 
    66.09922132082002
  ], 
  "pars": {
    "nH": {
      "value": 0.6675126710972176
    }, 
    "PhoIndex": {
      "value": 3.089982327416547
    }, 
    "norm": {
      "value": 8.315887219189444e-05
    }
  }, 
  "ftype": 0, 
  "dof": 80, 
  "fname": "reg_src10_grp.pi"
}