{
  "dof": 87, 
  "fitstat": [
    "chi", 
    94.76202920041621
  ], 
  "ftype": 2, 
  "pars": {
    "nH": {
      "value": 0.4132035621711656, 
      "error": [
        0.0, 
        0.0, 
        "FFFFFFFFF"
      ]
    }, 
    "PhoIndex": {
      "value": 2.775306286692572, 
      "error": [
        0.0, 
        0.0, 
        "FFFFFFFFF"
      ]
    }, 
    "LineE": {
      "value": 2.089690343829319, 
      "error": [
        0.0, 
        0.0, 
        "FFFFFFFFF"
      ]
    }, 
    "Sigma": {
      "value": 0.254807509873065, 
      "error": [
        0.0, 
        0.0, 
        "FFFFFFFFF"
      ]
    }, 
    "norm": {
      "value": 3.2394717684340656e-06, 
      "error": [
        0.0, 
        0.0, 
        "FFFFFFFFF"
      ]
    }
  }, 
  "eqwidth": 0.369318, 
  "fname": "reg_src4_grp.pi"
}