{
  "fitstat": [
    "chi", 
    333.05108177462125
  ], 
  "pars": {
    "nH": {
      "value": 0.6692943010866231
    }, 
    "PhoIndex": {
      "value": 2.9813806295732026
    }, 
    "norm": {
      "value": 0.00013513998633909105
    }
  }, 
  "ftype": 0, 
  "dof": 120, 
  "fname": "reg_src11_grp.pi"
}