{
  "fitstat": [
    "chi", 
    173.87950562237958
  ], 
  "pars": {
    "nH": {
      "value": 0.5985943215280569
    }, 
    "PhoIndex": {
      "value": 2.9876444717355537
    }, 
    "norm": {
      "value": 8.066746259845052e-05
    }
  }, 
  "ftype": 0, 
  "dof": 80, 
  "fname": "reg_src3_grp.pi"
}