{
  "fitstat": [
    "chi", 
    292.6973461115565
  ], 
  "pars": {
    "nH": {
      "value": 0.7371872238763919
    }, 
    "PhoIndex": {
      "value": 3.0663941884423394
    }, 
    "norm": {
      "value": 0.00016827122792583627
    }
  }, 
  "ftype": 0, 
  "dof": 131, 
  "fname": "reg_src9_grp.pi"
}