{
  "fitstat": [
    "chi", 
    120.61357037668336
  ], 
  "pars": {
    "nH": {
      "value": 0.4564217264068905
    }, 
    "PhoIndex": {
      "value": 2.810090834182323
    }, 
    "norm": {
      "value": 0.00010933418512595898
    }
  }, 
  "ftype": 0, 
  "dof": 118, 
  "fname": "reg_src5_grp.pi"
}