{
  "fitstat": [
    "chi", 
    30.974767691802867
  ], 
  "pars": {
    "nH": {
      "value": 0.3590478325327771
    }, 
    "PhoIndex": {
      "value": 2.7378838291394954
    }, 
    "norm": {
      "value": 1.4868936898862144e-05
    }
  }, 
  "ftype": 0, 
  "dof": 24, 
  "fname": "reg_src7_grp.pi"
}