{
  "dof": 115, 
  "fitstat": [
    "chi", 
    104.03328871772028
  ], 
  "ftype": 2, 
  "pars": {
    "nH": {
      "value": 0.4210249675167534, 
      "error": [
        0.0, 
        0.0, 
        "FFFFFFFFF"
      ]
    }, 
    "PhoIndex": {
      "value": 2.7579443701107413, 
      "error": [
        0.0, 
        0.0, 
        "FFFFFFFFF"
      ]
    }, 
    "LineE": {
      "value": 1.8589759441543592, 
      "error": [
        0.0, 
        0.0, 
        "FFFFFFFFF"
      ]
    }, 
    "Sigma": {
      "value": 0.012053444371288479, 
      "error": [
        0.0, 
        0.0, 
        "FFFFFFFFF"
      ]
    }, 
    "norm": {
      "value": 2.1862468409689998e-06, 
      "error": [
        0.0, 
        0.0, 
        "FFFFFFFFF"
      ]
    }
  }, 
  "eqwidth": 0.119537, 
  "fname": "reg_src5_grp.pi"
}