{
  "dof": 128, 
  "fitstat": [
    "chi", 
    176.86857461130907
  ], 
  "ftype": 2, 
  "pars": {
    "nH": {
      "value": 0.6262334694064112, 
      "error": [
        0.0, 
        0.0, 
        "FFFFFFFFF"
      ]
    }, 
    "PhoIndex": {
      "value": 2.9102741138488293, 
      "error": [
        0.0, 
        0.0, 
        "FFFFFFFFF"
      ]
    }, 
    "LineE": {
      "value": 1.8701597484157155, 
      "error": [
        0.0, 
        0.0, 
        "FFFFFFFFF"
      ]
    }, 
    "Sigma": {
      "value": 0.03161686039156624, 
      "error": [
        0.0, 
        0.0, 
        "FFFFFFFFF"
      ]
    }, 
    "norm": {
      "value": 6.2229907885053665e-06, 
      "error": [
        0.0, 
        0.0, 
        "FFFFFFFFF"
      ]
    }
  }, 
  "eqwidth": 0.294415, 
  "fname": "reg_src9_grp.pi"
}