{
  "fitstat": [
    "chi", 
    190.29923667911572
  ], 
  "pars": {
    "nH": {
      "value": 0.6976856762768192
    }, 
    "PhoIndex": {
      "value": 3.028002537136318
    }, 
    "norm": {
      "value": 0.00022585714452319502
    }
  }, 
  "ftype": 0, 
  "dof": 148, 
  "fname": "reg_src1_grp.pi"
}