{
  "fitstat": [
    "chi", 
    110.53747585946056
  ], 
  "pars": {
    "nH": {
      "value": 0.5159524514635583
    }, 
    "PhoIndex": {
      "value": 2.7070120666324726
    }, 
    "norm": {
      "value": 7.684333335353924e-05
    }
  }, 
  "ftype": 0, 
  "dof": 70, 
  "fname": "reg_src8_grp.pi"
}