{
  "dof": 21, 
  "fitstat": [
    "chi", 
    29.77502004928279
  ], 
  "ftype": 2, 
  "pars": {
    "nH": {
      "value": 0.3529003316454204, 
      "error": [
        0.0, 
        0.0, 
        "FFFFFFFFF"
      ]
    }, 
    "PhoIndex": {
      "value": 2.7479761260304003, 
      "error": [
        0.0, 
        0.0, 
        "FFFFFFFFF"
      ]
    }, 
    "LineE": {
      "value": 1.8400380254902804, 
      "error": [
        0.0, 
        0.0, 
        "FFFFFFFFF"
      ]
    }, 
    "Sigma": {
      "value": 0.0005086908125099296, 
      "error": [
        0.0, 
        0.0, 
        "FFFFFFFFF"
      ]
    }, 
    "norm": {
      "value": 1.7899023393688217e-07, 
      "error": [
        0.0, 
        0.0, 
        "FFFFFFFFF"
      ]
    }
  }, 
  "eqwidth": 0.0659819, 
  "fname": "reg_src7_grp.pi"
}