{
  "fitstat": [
    "chi", 
    114.41642183014893
  ], 
  "pars": {
    "nH": {
      "value": 0.4770173396121893
    }, 
    "PhoIndex": {
      "value": 2.8316958055498214
    }, 
    "norm": {
      "value": 8.059616967118383e-05
    }
  }, 
  "ftype": 0, 
  "dof": 90, 
  "fname": "reg_src4_grp.pi"
}